event_time,event_type,product_id,category_id,category_code,brand,price,user_id,user_session
2019-10-01 00:00:10 UTC,view,28719074,2053013565480109009,apparel.shoes.keds,baden,102.71,520571932,ac1cd4e5-a3ce-4224-a2d7-ff660a105880
2019-10-01 00:00:26 UTC,view,28719071,2053013565480109009,apparel.shoes.keds,baden,102.71,520571932,ac1cd4e5-a3ce-4224-a2d7-ff660a105880
2019-10-01 00:00:28 UTC,view,28714755,2053013565228450757,apparel.shoes,respect,51.22,555447570,99877fbe-d5a8-475e-a662-66bc9d29b6f8
2019-10-01 00:00:31 UTC,view,28718079,2053013565362668491,apparel.shoes.keds,respect,66.67,545323115,75fb5d0c-e907-4293-9c87-2419c2a7709d
2019-10-01 00:00:33 UTC,view,28717908,2053013565782098913,apparel.shoes,burgerschuhe,102.45,513798668,2034798f-43f2-8bcb-b169-c5f04a7a5a4f
2019-10-01 00:01:21 UTC,view,28708392,2053013565069067197,apparel.shoes.keds,strobbs,31.92,555447570,99877fbe-d5a8-475e-a662-66bc9d29b6f8
2019-10-01 00:01:48 UTC,view,28714158,2053013565413000141,apparel.shoes.slipons,caprice,41.19,535055930,9f5785c3-2c85-4e0e-8173-0ae4527725ad
2019-10-01 00:01:50 UTC,view,28715758,2053013565069067197,apparel.shoes.keds,nexpero,107.85,555447570,99877fbe-d5a8-475e-a662-66bc9d29b6f8
2019-10-01 00:02:17 UTC,view,28716595,2053013565782098913,apparel.shoes,baden,76.96,525767277,80ca3883-2c25-4475-b829-7fa1b8372db3
2019-10-01 00:02:38 UTC,view,28718079,2053013565362668491,apparel.shoes.keds,respect,66.67,545323115,75fb5d0c-e907-4293-9c87-2419c2a7709d
2019-10-01 00:02:50 UTC,view,28715611,2053013565069067197,apparel.shoes.keds,fila,75.91,555447570,99877fbe-d5a8-475e-a662-66bc9d29b6f8
2019-10-01 00:02:51 UTC,view,28718142,2053013565782098913,apparel.shoes,fassen,51.22,518471395,52053f12-5030-4484-82fb-d20dc4062a27
2019-10-01 00:02:53 UTC,view,28714755,2053013565228450757,apparel.shoes,respect,51.22,552469659,02b2fcfa-2e63-4b51-81bb-4995e7cd1767
2019-10-01 00:03:05 UTC,view,28718079,2053013565362668491,apparel.shoes.keds,respect,66.67,545323115,75fb5d0c-e907-4293-9c87-2419c2a7709d
2019-10-01 00:03:12 UTC,view,28717034,2053013565069067197,apparel.shoes.keds,strobbs,51.22,555447570,99877fbe-d5a8-475e-a662-66bc9d29b6f8
2019-10-01 00:03:29 UTC,view,28717908,2053013565782098913,apparel.shoes,burgerschuhe,102.45,547041231,a1002e68-e218-461c-bb0b-93270d15abca
2019-10-01 00:04:22 UTC,view,28704388,2053013565069067197,apparel.shoes.keds,asics,51.48,555447570,99877fbe-d5a8-475e-a662-66bc9d29b6f8
2019-10-01 00:04:43 UTC,view,28705258,2053013565127787455,apparel.shoes,respect,23.94,513231972,1016cfb1-6ef2-4264-af6e-365cc12a4956
2019-10-01 00:06:36 UTC,view,8400069,2127424820051182462,apparel.sock,,21.85,549873631,27b6ad3f-ea09-4305-913c-9d4fda0b5809
2019-10-01 00:07:11 UTC,view,28718079,2053013565362668491,apparel.shoes.keds,respect,66.67,545323115,75fb5d0c-e907-4293-9c87-2419c2a7709d
2019-10-01 00:07:16 UTC,view,45600377,2116907524379639897,apparel.shoes,,90.09,554255295,f1de2d2d-2ec6-4b6b-bebf-7772a7ea579e
2019-10-01 00:07:48 UTC,view,45600771,2135658542781170420,apparel.shoes,,90.09,554255295,f1de2d2d-2ec6-4b6b-bebf-7772a7ea579e
2019-10-01 00:07:55 UTC,view,28717124,2053013565480109009,apparel.shoes.keds,respect,51.22,548607338,50ca0f50-f2cf-497b-84cc-20c2b5c8962e
2019-10-01 00:08:22 UTC,view,28717124,2053013565480109009,apparel.shoes.keds,respect,51.22,548607338,50ca0f50-f2cf-497b-84cc-20c2b5c8962e
2019-10-01 00:08:52 UTC,view,28718142,2053013565782098913,apparel.shoes,fassen,51.22,548607338,50ca0f50-f2cf-497b-84cc-20c2b5c8962e
2019-10-01 00:09:22 UTC,view,28712566,2053013565782098913,apparel.shoes,respect,128.45,548607338,50ca0f50-f2cf-497b-84cc-20c2b5c8962e
2019-10-01 00:12:22 UTC,view,28717380,2053013565480109009,apparel.shoes.keds,,51.22,555448939,76c5ed53-5ad1-4fb6-a401-edfb7bf16890
2019-10-01 01:00:29 UTC,view,20700008,2053013559289315959,apparel.shoes,,239.13,543907814,4a7a2b54-2c55-450d-ad87-67b8b162562b
2019-10-01 01:16:38 UTC,view,39900005,2086471240800797129,apparel.trousers,,39.9,521245875,ea906c97-5222-7e76-3816-44a7eba7d440
2019-10-01 02:17:19 UTC,view,28705361,2053013565127787455,apparel.shoes,rooman,23.68,538127005,592ffaba-2125-4d26-9916-55de57cdf4e5
2019-10-01 02:17:39 UTC,view,28719071,2053013565480109009,apparel.shoes.keds,baden,102.71,517909285,eced805c-eb25-4241-84d6-faecd56411a4
2019-10-01 02:18:01 UTC,view,28719071,2053013565480109009,apparel.shoes.keds,baden,102.71,544261159,a2b9bc71-380a-4c74-9a72-24d276bc857b
2019-10-01 02:18:02 UTC,view,28719074,2053013565480109009,apparel.shoes.keds,baden,102.71,517909285,eced805c-eb25-4241-84d6-faecd56411a4
2019-10-01 02:18:11 UTC,view,28710801,2053013565127787455,apparel.shoes,respect,25.48,538127005,592ffaba-2125-4d26-9916-55de57cdf4e5
2019-10-01 02:18:18 UTC,view,28719071,2053013565480109009,apparel.shoes.keds,baden,102.71,517909285,eced805c-eb25-4241-84d6-faecd56411a4
2019-10-01 02:18:22 UTC,view,28717145,2053013565480109009,apparel.shoes.keds,fassen,64.09,544261159,a2b9bc71-380a-4c74-9a72-24d276bc857b
2019-10-01 02:18:30 UTC,view,28715121,2053013565480109009,apparel.shoes.keds,baden,51.22,517909285,eced805c-eb25-4241-84d6-faecd56411a4
2019-10-01 02:18:43 UTC,view,28717127,2053013565480109009,apparel.shoes.keds,respect,51.22,540523618,1b1a348d-6347-44f9-800d-b24b608b410a
2019-10-01 02:18:45 UTC,view,28712684,2053013565228450757,apparel.shoes,marcomen,100.65,547527526,f3f2a1b8-f9fa-4b80-bbe0-102f42ce449c
2019-10-01 02:18:54 UTC,view,28717145,2053013565480109009,apparel.shoes.keds,fassen,64.09,517909285,eced805c-eb25-4241-84d6-faecd56411a4
2019-10-01 02:19:13 UTC,view,28717050,2053013565480109009,apparel.shoes.keds,strobbs,51.22,544261159,a2b9bc71-380a-4c74-9a72-24d276bc857b
2019-10-01 02:19:18 UTC,view,28719273,2053013565639492569,apparel.shoes,rieker,73.36,553827799,be137147-b639-440d-b496-3988151c01c4
2019-10-01 02:19:26 UTC,view,28708392,2053013565069067197,apparel.shoes.keds,strobbs,31.92,513494064,a3c9309f-1d91-4b77-a1c0-e9ba9c7e81a9
2019-10-01 02:19:30 UTC,view,28716983,2053013565069067197,apparel.shoes.keds,respect,102.71,555462079,a7950b33-4e30-4ad3-95f6-178e6247f024
2019-10-01 02:19:44 UTC,view,28708392,2053013565069067197,apparel.shoes.keds,strobbs,31.92,513494064,a3c9309f-1d91-4b77-a1c0-e9ba9c7e81a9
2019-10-01 02:20:03 UTC,view,28717895,2053013565639492569,apparel.shoes,,132.56,553827799,be137147-b639-440d-b496-3988151c01c4
2019-10-01 02:20:10 UTC,view,28716522,2053013565228450757,apparel.shoes,,69.24,524821634,5cc659fc-0edc-480a-8239-6ec3102b2b28
2019-10-01 02:20:11 UTC,view,28716519,2053013565228450757,apparel.shoes,,69.24,513728430,cb71a204-4518-43e5-b885-4f5acbd394ca
2019-10-01 02:20:12 UTC,view,28713632,2053013565706601437,apparel.shoes.moccasins,destra,37.58,515903935,05de40ad-c583-403d-b0b1-c0292ec3d766
2019-10-01 02:20:23 UTC,view,28719160,2116907519078040377,apparel.shoes,salamander,127.93,515117434,7d11a214-4f96-4db5-85db-74f2b912d6c9
2019-10-01 02:20:28 UTC,view,44000003,2100064855133258156,apparel.shoes,ersport,35.78,551281127,ff496fc6-6a01-4637-a24e-ab79b041e5ef
2019-10-01 02:20:35 UTC,view,28718083,2053013565069067197,apparel.shoes.keds,respect,51.22,529158087,805ad820-b4df-4fae-8a4c-fad65a54e787
2019-10-01 02:20:40 UTC,view,28719067,2053013565639492569,apparel.shoes,baden,113.0,553827799,be137147-b639-440d-b496-3988151c01c4
2019-10-01 02:20:47 UTC,view,44000003,2100064855133258156,apparel.shoes,ersport,35.78,551281127,ff496fc6-6a01-4637-a24e-ab79b041e5ef
2019-10-01 02:20:50 UTC,view,48200025,2146660887002349890,apparel.dress,mltl,30.86,548446082,6766fd74-b356-4468-a139-46d70f126bf2
2019-10-01 02:20:55 UTC,view,28716983,2053013565069067197,apparel.shoes.keds,respect,102.71,533133685,a7b97c50-0b51-4f22-9b41-f7a98e3c8073
2019-10-01 02:20:56 UTC,view,44000003,2100064855133258156,apparel.shoes,ersport,35.78,551281127,ff496fc6-6a01-4637-a24e-ab79b041e5ef
2019-10-01 02:21:04 UTC,view,28716983,2053013565069067197,apparel.shoes.keds,respect,102.71,533133685,a7b97c50-0b51-4f22-9b41-f7a98e3c8073
2019-10-01 02:21:20 UTC,view,28719144,2053013565782098913,apparel.shoes,,136.17,513728430,cb71a204-4518-43e5-b885-4f5acbd394ca
2019-10-01 02:21:20 UTC,view,28718083,2053013565069067197,apparel.shoes.keds,respect,51.22,529158087,805ad820-b4df-4fae-8a4c-fad65a54e787
2019-10-01 02:21:22 UTC,view,28717034,2053013565069067197,apparel.shoes.keds,strobbs,51.22,546451913,055cc9e0-5069-4de8-adb6-6a657ffcb66d
2019-10-01 02:21:23 UTC,view,28715970,2053013565480109009,apparel.shoes.keds,adidas,91.12,537040544,3a9d65fd-f94b-476f-b1d9-5c47506301c4
2019-10-01 02:21:24 UTC,view,28707242,2053013565413000141,apparel.shoes.slipons,respect,22.91,512743752,e9bf0199-b527-47a5-a0a5-000a4c5e2925
2019-10-01 02:21:30 UTC,view,48200030,2146660887002349890,apparel.dress,mltl,32.18,548446082,6766fd74-b356-4468-a139-46d70f126bf2
2019-10-01 02:21:39 UTC,view,28717740,2053013565413000141,apparel.shoes.slipons,,95.24,512743752,e9bf0199-b527-47a5-a0a5-000a4c5e2925
2019-10-01 02:21:39 UTC,view,28718086,2053013565069067197,apparel.shoes.keds,respect,51.22,529158087,805ad820-b4df-4fae-8a4c-fad65a54e787
2019-10-01 02:21:53 UTC,view,28704916,2053013565748544479,apparel.shoes,rieker,58.43,515117434,7d11a214-4f96-4db5-85db-74f2b912d6c9
2019-10-01 02:22:05 UTC,view,28715757,2053013565069067197,apparel.shoes.keds,nexpero,107.85,516198933,e1050ba4-5425-4b8e-9cc8-194878031718
2019-10-01 02:22:09 UTC,view,28711421,2053013565329114057,apparel.shoes.slipons,spur,28.83,547469497,ad4beff7-d2e4-4218-a670-b5c72126eb7f
2019-10-01 02:22:10 UTC,view,28713076,2053013565639492569,apparel.shoes,baden,96.53,530833085,f91b064e-e056-4bf7-bc29-70583860da5b
2019-10-01 02:22:14 UTC,view,28718083,2053013565069067197,apparel.shoes.keds,respect,51.22,529158087,805ad820-b4df-4fae-8a4c-fad65a54e787
2019-10-01 02:22:15 UTC,view,28713737,2053013565069067197,apparel.shoes.keds,nike,67.75,516198933,e1050ba4-5425-4b8e-9cc8-194878031718
2019-10-01 02:22:15 UTC,view,28703635,2053013565069067197,apparel.shoes.keds,nike,115.58,546451913,055cc9e0-5069-4de8-adb6-6a657ffcb66d
2019-10-01 02:22:17 UTC,view,28716866,2053013565782098913,apparel.shoes,rieker,94.98,513728430,cb71a204-4518-43e5-b885-4f5acbd394ca
2019-10-01 02:22:18 UTC,view,28717383,2053013565480109009,apparel.shoes.keds,,51.22,519578504,2a4700ff-7ff2-4662-ab58-c0c71b817603
2019-10-01 02:22:25 UTC,view,28714424,2053013565069067197,apparel.shoes.keds,asics,72.05,516198933,e1050ba4-5425-4b8e-9cc8-194878031718
2019-10-01 02:22:29 UTC,view,45600146,2113934850560885372,apparel.shoes.keds,,74.62,555461969,aec1b0cb-5326-4d86-8d3c-9c460bf15004
2019-10-01 02:22:32 UTC,view,28718005,2053013565639492569,apparel.shoes,respect,133.59,530833085,f91b064e-e056-4bf7-bc29-70583860da5b
2019-10-01 02:22:42 UTC,view,28718005,2053013565639492569,apparel.shoes,respect,133.59,514231004,decc5847-338f-4e9f-bbbe-ca508864d11b
2019-10-01 02:22:45 UTC,view,28704107,2053013565069067197,apparel.shoes.keds,nike,61.57,529158087,805ad820-b4df-4fae-8a4c-fad65a54e787
2019-10-01 02:22:45 UTC,view,28716531,2053013565639492569,apparel.shoes,,84.69,530833085,f91b064e-e056-4bf7-bc29-70583860da5b
2019-10-01 02:22:46 UTC,view,28719502,2053013565782098913,apparel.shoes,respect,118.15,513728430,cb71a204-4518-43e5-b885-4f5acbd394ca
2019-10-01 02:22:54 UTC,view,28708833,2053013565480109009,apparel.shoes.keds,escan,30.63,512743752,e9bf0199-b527-47a5-a0a5-000a4c5e2925
2019-10-01 02:23:01 UTC,view,28704439,2053013565362668491,apparel.shoes.keds,vans,97.56,547482435,941821f8-0d9d-4ddd-b812-11c7a7cd8515
2019-10-01 02:23:01 UTC,view,28703635,2053013565069067197,apparel.shoes.keds,nike,115.58,546451913,055cc9e0-5069-4de8-adb6-6a657ffcb66d
2019-10-01 02:23:18 UTC,view,28717382,2053013565480109009,apparel.shoes.keds,,51.22,512743752,e9bf0199-b527-47a5-a0a5-000a4c5e2925
2019-10-01 02:23:19 UTC,purchase,44000003,2100064855133258156,apparel.shoes,ersport,35.78,551281127,ff496fc6-6a01-4637-a24e-ab79b041e5ef
2019-10-01 02:23:21 UTC,view,28713439,2053013565639492569,apparel.shoes,baden,92.41,530833085,f91b064e-e056-4bf7-bc29-70583860da5b
2019-10-01 02:23:21 UTC,view,28711902,2053013565329114057,apparel.shoes.slipons,bugatti,47.62,547469497,ad4beff7-d2e4-4218-a670-b5c72126eb7f
2019-10-01 02:23:28 UTC,view,45600284,2116907524379639897,apparel.shoes,shagovita,59.19,554803306,7fd543f3-057c-424e-b842-b50a8d9bf563
2019-10-01 02:23:28 UTC,view,28704386,2053013565069067197,apparel.shoes.keds,asics,51.48,546451913,055cc9e0-5069-4de8-adb6-6a657ffcb66d
2019-10-01 02:23:33 UTC,view,28717039,2053013565069067197,apparel.shoes.keds,strobbs,51.22,529158087,805ad820-b4df-4fae-8a4c-fad65a54e787
2019-10-01 02:23:42 UTC,view,28718453,2053013565069067197,apparel.shoes.keds,strobbs,84.69,516796470,66349c37-33c7-407a-9ed1-b4dc61161d6e
2019-10-01 02:23:50 UTC,view,35108590,2070005009382114061,apparel.underwear,milavitsa,12.85,555462646,0102950c-2844-4206-ae7e-0db02efeef24
2019-10-01 02:24:06 UTC,view,28704449,2053013565329114057,apparel.shoes.slipons,vans,84.69,547469497,ad4beff7-d2e4-4218-a670-b5c72126eb7f
2019-10-01 02:24:08 UTC,view,28718145,2053013565782098913,apparel.shoes,fassen,51.22,513728430,cb71a204-4518-43e5-b885-4f5acbd394ca
2019-10-01 02:24:09 UTC,view,28718905,2053013565127787455,apparel.shoes,salamander,66.67,529158087,805ad820-b4df-4fae-8a4c-fad65a54e787
2019-10-01 02:24:10 UTC,view,28711902,2053013565329114057,apparel.shoes.slipons,bugatti,47.62,547469497,ad4beff7-d2e4-4218-a670-b5c72126eb7f
2019-10-01 02:24:11 UTC,view,35108738,2070005009382114061,apparel.underwear,milavitsa,12.85,555462646,0102950c-2844-4206-ae7e-0db02efeef24
2019-10-01 02:24:19 UTC,view,28704386,2053013565069067197,apparel.shoes.keds,asics,51.48,546451913,055cc9e0-5069-4de8-adb6-6a657ffcb66d
2019-10-01 02:24:20 UTC,view,28708052,2053013565329114057,apparel.shoes.slipons,nexpero,16.99,547469497,ad4beff7-d2e4-4218-a670-b5c72126eb7f
2019-10-01 02:24:25 UTC,view,28711902,2053013565329114057,apparel.shoes.slipons,bugatti,47.62,547469497,ad4beff7-d2e4-4218-a670-b5c72126eb7f
2019-10-01 02:24:29 UTC,view,45600883,2135658542781170420,apparel.shoes,pablosky,68.99,514231004,decc5847-338f-4e9f-bbbe-ca508864d11b
2019-10-01 02:24:34 UTC,view,28718453,2053013565069067197,apparel.shoes.keds,strobbs,84.69,546451913,055cc9e0-5069-4de8-adb6-6a657ffcb66d
2019-10-01 02:24:37 UTC,view,45600238,2116907524379639897,apparel.shoes,shagovita,39.89,554803306,7fd543f3-057c-424e-b842-b50a8d9bf563
2019-10-01 02:24:38 UTC,view,28714128,2053013565329114057,apparel.shoes.slipons,greyder,61.78,547469497,ad4beff7-d2e4-4218-a670-b5c72126eb7f
2019-10-01 02:24:41 UTC,view,28714095,2053013565706601437,apparel.shoes.moccasins,caprice,55.34,539238830,25048d1c-3878-4b30-af11-52690dd2dc3f
2019-10-01 02:24:46 UTC,view,28718905,2053013565127787455,apparel.shoes,salamander,66.67,529158087,805ad820-b4df-4fae-8a4c-fad65a54e787
2019-10-01 02:24:48 UTC,view,28718374,2053013565782098913,apparel.shoes,respect,94.98,513728430,cb71a204-4518-43e5-b885-4f5acbd394ca
2019-10-01 02:25:12 UTC,view,28704386,2053013565069067197,apparel.shoes.keds,asics,51.48,512743752,e9bf0199-b527-47a5-a0a5-000a4c5e2925
2019-10-01 02:25:12 UTC,view,28711902,2053013565329114057,apparel.shoes.slipons,bugatti,47.62,547469497,ad4beff7-d2e4-4218-a670-b5c72126eb7f
2019-10-01 02:25:15 UTC,view,45600883,2135658542781170420,apparel.shoes,pablosky,68.99,514231004,decc5847-338f-4e9f-bbbe-ca508864d11b
2019-10-01 02:25:16 UTC,view,28717169,2053013565639492569,apparel.shoes,respect,120.72,551962356,313c918d-061b-4172-8c93-b091dae7f959
2019-10-01 02:25:21 UTC,view,28718453,2053013565069067197,apparel.shoes.keds,strobbs,84.69,546451913,055cc9e0-5069-4de8-adb6-6a657ffcb66d
2019-10-01 02:25:22 UTC,view,28717661,2053013565127787455,apparel.shoes,greyder,95.24,529158087,805ad820-b4df-4fae-8a4c-fad65a54e787
2019-10-01 02:25:26 UTC,view,28711902,2053013565329114057,apparel.shoes.slipons,bugatti,47.62,547469497,ad4beff7-d2e4-4218-a670-b5c72126eb7f
2019-10-01 02:25:30 UTC,view,28715163,2053013565681435611,apparel.shoes.sandals,rieker,33.21,555462603,ed7c5ba5-8898-4ac5-84be-5cdedee833b3
2019-10-01 02:25:35 UTC,view,28715443,2053013565782098913,apparel.shoes,rieker,71.82,539238830,25048d1c-3878-4b30-af11-52690dd2dc3f
2019-10-01 02:25:40 UTC,view,28719071,2053013565480109009,apparel.shoes.keds,baden,102.71,553469929,1d5dccfb-b689-4c79-91af-8b462185c09c
2019-10-01 02:25:43 UTC,view,28717035,2053013565069067197,apparel.shoes.keds,strobbs,51.22,548703678,a48a3c3d-a0e1-4e96-a1ee-14dbb029ad1f
2019-10-01 02:25:48 UTC,view,28716982,2053013565069067197,apparel.shoes.keds,respect,102.71,546451913,055cc9e0-5069-4de8-adb6-6a657ffcb66d
2019-10-01 02:25:51 UTC,view,45600290,2116907524379639897,apparel.shoes,shagovita,59.19,554803306,7fd543f3-057c-424e-b842-b50a8d9bf563
2019-10-01 02:26:09 UTC,view,28718025,2053013565480109009,apparel.shoes.keds,respect,76.96,553469929,1d5dccfb-b689-4c79-91af-8b462185c09c
2019-10-01 02:26:10 UTC,view,28714179,2053013565329114057,apparel.shoes.slipons,greyder,66.93,547469497,ad4beff7-d2e4-4218-a670-b5c72126eb7f
2019-10-01 02:26:13 UTC,view,28716563,2053013565480109009,apparel.shoes.keds,,66.67,539238830,25048d1c-3878-4b30-af11-52690dd2dc3f
2019-10-01 02:26:18 UTC,view,28704386,2053013565069067197,apparel.shoes.keds,asics,51.48,553384112,c47fcf5a-a7ec-4be5-bcf1-0e65d6fab91f
2019-10-01 02:26:18 UTC,view,28716982,2053013565069067197,apparel.shoes.keds,respect,102.71,546451913,055cc9e0-5069-4de8-adb6-6a657ffcb66d
2019-10-01 02:26:20 UTC,view,28717383,2053013565480109009,apparel.shoes.keds,,51.22,555462603,ed7c5ba5-8898-4ac5-84be-5cdedee833b3
2019-10-01 02:26:26 UTC,view,28716555,2053013565748544479,apparel.shoes,,51.22,516403735,3b887097-c7b6-47c7-aab9-ec716f3e3a39
2019-10-01 02:26:28 UTC,view,28714942,2053013565127787455,apparel.shoes,respect,66.67,529158087,805ad820-b4df-4fae-8a4c-fad65a54e787
2019-10-01 02:26:32 UTC,view,28718092,2053013565069067197,apparel.shoes.keds,respect,51.22,548703678,a48a3c3d-a0e1-4e96-a1ee-14dbb029ad1f
2019-10-01 02:26:33 UTC,view,28718083,2053013565069067197,apparel.shoes.keds,respect,51.22,512382758,c12550dd-7f3b-4321-af7e-03f2c77014f2
2019-10-01 02:26:50 UTC,view,28717456,2053013565480109009,apparel.shoes.keds,respect,87.26,539238830,25048d1c-3878-4b30-af11-52690dd2dc3f
2019-10-01 02:26:54 UTC,view,28715839,2053013565127787455,apparel.shoes,rooman,51.22,519055229,9462dd4a-6b3e-4e9d-891f-d2eeaed83971
2019-10-01 02:26:56 UTC,view,35107559,2070005009382114061,apparel.underwear,milavitsa,21.92,515531630,785971b7-395e-47a8-951f-2eec2d0a8fc0
2019-10-01 02:26:59 UTC,view,28718097,2053013565069067197,apparel.shoes.keds,respect,51.22,546451913,055cc9e0-5069-4de8-adb6-6a657ffcb66d
2019-10-01 02:27:02 UTC,view,28714219,2053013565253616583,apparel.shoes.moccasins,etor,100.39,547469497,ad4beff7-d2e4-4218-a670-b5c72126eb7f
2019-10-01 02:27:10 UTC,view,28717739,2053013565413000141,apparel.shoes.slipons,,95.24,555462646,0102950c-2844-4206-ae7e-0db02efeef24
2019-10-01 02:27:13 UTC,view,28715116,2053013565480109009,apparel.shoes.keds,escan,51.22,539238830,25048d1c-3878-4b30-af11-52690dd2dc3f
2019-10-01 02:27:13 UTC,view,28716534,2053013565639492569,apparel.shoes,,84.69,553469929,1d5dccfb-b689-4c79-91af-8b462185c09c
2019-10-01 02:27:20 UTC,view,28716983,2053013565069067197,apparel.shoes.keds,respect,102.71,526749206,6dfa31c3-70d7-4b4f-b7b3-ad59ade63549
2019-10-01 02:27:24 UTC,view,28716534,2053013565639492569,apparel.shoes,,84.69,553469929,1d5dccfb-b689-4c79-91af-8b462185c09c
2019-10-01 02:27:28 UTC,view,28717713,2053013565127787455,apparel.shoes,greyder,108.11,529158087,805ad820-b4df-4fae-8a4c-fad65a54e787
2019-10-01 02:27:34 UTC,view,28717108,2053013565127787455,apparel.shoes,respect,89.84,519055229,9462dd4a-6b3e-4e9d-891f-d2eeaed83971
2019-10-01 02:27:37 UTC,view,28715839,2053013565127787455,apparel.shoes,rooman,51.22,546451913,055cc9e0-5069-4de8-adb6-6a657ffcb66d
2019-10-01 02:27:38 UTC,view,28715745,2053013565480109009,apparel.shoes.keds,escan,64.09,539238830,25048d1c-3878-4b30-af11-52690dd2dc3f
2019-10-01 02:27:53 UTC,view,28713632,2053013565706601437,apparel.shoes.moccasins,destra,37.58,539238830,25048d1c-3878-4b30-af11-52690dd2dc3f
2019-10-01 02:27:55 UTC,view,45600250,2116907524379639897,apparel.shoes,shagovita,43.75,555462646,0102950c-2844-4206-ae7e-0db02efeef24
2019-10-01 02:28:03 UTC,view,28715975,2053013565069067197,apparel.shoes.keds,adidas,111.84,515423039,4a2d473c-506c-44a1-8547-365a71d1e238
2019-10-01 02:28:07 UTC,view,28717948,2053013565639492569,apparel.shoes,burgerschuhe,105.54,553469929,1d5dccfb-b689-4c79-91af-8b462185c09c
2019-10-01 02:28:17 UTC,view,45600267,2116907524379639897,apparel.shoes,shagovita,51.47,555463216,7d7b155e-ef77-4edf-b8c5-dd6ef934350b
2019-10-01 02:28:18 UTC,view,28715839,2053013565127787455,apparel.shoes,rooman,51.22,546451913,055cc9e0-5069-4de8-adb6-6a657ffcb66d
2019-10-01 02:28:23 UTC,view,28719071,2053013565480109009,apparel.shoes.keds,baden,102.71,514569638,5be307a8-7ee1-4513-a3cc-948ae5d3d8ba
2019-10-01 02:28:40 UTC,view,28704393,2053013565069067197,apparel.shoes.keds,adidas,102.71,515423039,4a2d473c-506c-44a1-8547-365a71d1e238
2019-10-01 02:28:41 UTC,view,45600163,2113934850560885372,apparel.shoes.keds,nike,56.6,512925259,087f0d82-6e8b-4be1-b6dd-8eb9ed350039
2019-10-01 02:28:42 UTC,view,45600283,2116907524379639897,apparel.shoes,shagovita,59.19,536841328,948aabce-7298-4bba-aa58-8efe1942422d
2019-10-01 02:28:43 UTC,view,28715758,2053013565069067197,apparel.shoes.keds,nexpero,107.85,513109944,71c72a6f-e3bd-4fb2-be2e-56fb953dcc7c
2019-10-01 02:28:50 UTC,view,45600283,2116907524379639897,apparel.shoes,shagovita,59.19,555463216,7d7b155e-ef77-4edf-b8c5-dd6ef934350b
2019-10-01 02:28:50 UTC,view,28716474,2053013565782098913,apparel.shoes,respect,128.45,548458938,cd8c9242-8801-42d1-83a2-fb2bc68b5cc4
2019-10-01 02:28:53 UTC,view,28718025,2053013565480109009,apparel.shoes.keds,respect,76.96,514569638,5be307a8-7ee1-4513-a3cc-948ae5d3d8ba
2019-10-01 02:28:54 UTC,view,45600225,2116907524572577889,apparel.shoes,shagovita,43.75,512925259,087f0d82-6e8b-4be1-b6dd-8eb9ed350039
2019-10-01 02:29:00 UTC,view,45600846,2116907524379639897,apparel.shoes,keddo,54.8,555463216,7d7b155e-ef77-4edf-b8c5-dd6ef934350b
2019-10-01 02:29:01 UTC,view,28718567,2053013565253616583,apparel.shoes.moccasins,etor,108.11,547469497,ad4beff7-d2e4-4218-a670-b5c72126eb7f
2019-10-01 02:29:05 UTC,view,28717921,2053013565782098913,apparel.shoes,rieker,73.36,540278070,c85ecfff-cf7d-468b-9f5c-4902bae1401a
2019-10-01 02:29:15 UTC,view,28715758,2053013565069067197,apparel.shoes.keds,nexpero,107.85,536074778,dc73e1e2-04a1-48b9-b88d-18142136aaf2
2019-10-01 02:29:17 UTC,view,28717145,2053013565480109009,apparel.shoes.keds,fassen,64.09,514569638,5be307a8-7ee1-4513-a3cc-948ae5d3d8ba
2019-10-01 02:29:18 UTC,view,28717851,2053013565639492569,apparel.shoes,,167.83,552676764,1575319f-efed-4581-b3a6-e60cba665cc8
2019-10-01 02:29:20 UTC,view,28715976,2053013565480109009,apparel.shoes.keds,adidas,112.28,515423039,4a2d473c-506c-44a1-8547-365a71d1e238
2019-10-01 02:29:22 UTC,view,28718936,2053013565480109009,apparel.shoes.keds,nexpero,118.15,555463164,555fbe5c-86be-4b2c-a24b-3d88cccc4501
2019-10-01 02:29:23 UTC,view,45600190,2116907524572577889,apparel.shoes,shagovita,59.19,512925259,087f0d82-6e8b-4be1-b6dd-8eb9ed350039
2019-10-01 02:29:24 UTC,view,28703635,2053013565069067197,apparel.shoes.keds,nike,115.58,513109944,71c72a6f-e3bd-4fb2-be2e-56fb953dcc7c
2019-10-01 02:29:25 UTC,view,45600291,2116907524379639897,apparel.shoes,shagovita,59.19,536841328,948aabce-7298-4bba-aa58-8efe1942422d
2019-10-01 02:29:29 UTC,view,28717922,2053013565782098913,apparel.shoes,rieker,73.36,540278070,c85ecfff-cf7d-468b-9f5c-4902bae1401a
2019-10-01 02:29:29 UTC,view,28717977,2053013565639492569,apparel.shoes,rieker,71.82,553469929,1d5dccfb-b689-4c79-91af-8b462185c09c
2019-10-01 02:29:37 UTC,view,45600271,2116907524379639897,apparel.shoes,shagovita,51.47,514148949,245cd39b-d6ad-4a37-8a38-e04b2a85901a
2019-10-01 02:29:39 UTC,view,28717921,2053013565782098913,apparel.shoes,rieker,73.36,540278070,c85ecfff-cf7d-468b-9f5c-4902bae1401a
2019-10-01 02:29:41 UTC,view,28715973,2053013565480109009,apparel.shoes.keds,adidas,111.07,515423039,4a2d473c-506c-44a1-8547-365a71d1e238
2019-10-01 02:29:42 UTC,view,28703635,2053013565069067197,apparel.shoes.keds,nike,115.58,513109944,71c72a6f-e3bd-4fb2-be2e-56fb953dcc7c
2019-10-01 02:29:43 UTC,view,45600228,2116907524572577889,apparel.shoes,shagovita,43.75,512925259,087f0d82-6e8b-4be1-b6dd-8eb9ed350039
2019-10-01 02:29:48 UTC,view,28716931,2053013565639492569,apparel.shoes,,29.34,549379364,6b89c334-6b52-4de4-a4bc-85adae089440
2019-10-01 02:29:54 UTC,view,28712566,2053013565782098913,apparel.shoes,respect,128.45,540278070,c85ecfff-cf7d-468b-9f5c-4902bae1401a
2019-10-01 02:29:55 UTC,view,28718016,2053013565782098913,apparel.shoes,respect,76.96,548458938,cd8c9242-8801-42d1-83a2-fb2bc68b5cc4
2019-10-01 02:29:56 UTC,view,28712380,2053013565639492569,apparel.shoes,baden,120.72,550284046,d746fa12-0eb9-4c35-9876-375d70a98102
2019-10-01 02:29:58 UTC,view,28714689,2053013565480109009,apparel.shoes.keds,adidas,114.52,515423039,4a2d473c-506c-44a1-8547-365a71d1e238
2019-10-01 02:30:05 UTC,view,28719189,2116907519078040377,apparel.shoes,,107.34,512626652,15aa7ecb-977a-4366-a347-81b0247a827e
2019-10-01 02:30:22 UTC,view,28718040,2053013565069067197,apparel.shoes.keds,millionaire,113.0,536074778,dc73e1e2-04a1-48b9-b88d-18142136aaf2
2019-10-01 02:30:27 UTC,view,28708392,2053013565069067197,apparel.shoes.keds,strobbs,31.92,520402314,86eb7e10-41d6-46ed-8604-d3b0da5132a2
2019-10-01 02:30:28 UTC,view,45600291,2116907524379639897,apparel.shoes,shagovita,59.19,536841328,948aabce-7298-4bba-aa58-8efe1942422d
2019-10-01 02:30:28 UTC,view,28714595,2053013565069067197,apparel.shoes.keds,reebok,76.4,512925259,087f0d82-6e8b-4be1-b6dd-8eb9ed350039
2019-10-01 02:30:29 UTC,view,28712661,2053013565480109009,apparel.shoes.keds,strobbs,49.42,514569638,5be307a8-7ee1-4513-a3cc-948ae5d3d8ba
2019-10-01 02:30:29 UTC,view,28715760,2053013565069067197,apparel.shoes.keds,nexpero,107.85,513109944,71c72a6f-e3bd-4fb2-be2e-56fb953dcc7c
2019-10-01 02:30:39 UTC,view,28704245,2053013565069067197,apparel.shoes.keds,adidas,122.53,515423039,4a2d473c-506c-44a1-8547-365a71d1e238
2019-10-01 02:30:41 UTC,view,28713583,2053013565228450757,apparel.shoes,greyder,102.96,515954292,57a60e5b-dfe8-4f94-a6ba-ea260e4f334d
2019-10-01 02:30:47 UTC,view,28716512,2053013565782098913,apparel.shoes,respect,128.45,548458938,cd8c9242-8801-42d1-83a2-fb2bc68b5cc4
2019-10-01 02:30:49 UTC,view,28716983,2053013565069067197,apparel.shoes.keds,respect,102.71,547423312,c47723d1-4832-451c-92d5-66524c1b7f14
2019-10-01 02:31:02 UTC,view,28706259,2053013565824041955,apparel.shoes.sandals,respect,26.77,550284046,d746fa12-0eb9-4c35-9876-375d70a98102
2019-10-01 02:31:16 UTC,view,28706797,2053013565228450757,apparel.shoes,respect,47.36,512525276,595356fd-8bd4-45c1-8327-ca2ba3aa87a3
2019-10-01 02:31:18 UTC,view,45600300,2116907524379639897,apparel.shoes,shagovita,59.19,536841328,948aabce-7298-4bba-aa58-8efe1942422d
2019-10-01 02:31:20 UTC,view,28715707,2053013565069067197,apparel.shoes.keds,puma,94.98,512925259,087f0d82-6e8b-4be1-b6dd-8eb9ed350039
2019-10-01 02:31:24 UTC,view,28717976,2053013565782098913,apparel.shoes,rieker,71.82,555463216,7d7b155e-ef77-4edf-b8c5-dd6ef934350b
2019-10-01 02:31:32 UTC,view,45600300,2116907524379639897,apparel.shoes,shagovita,59.19,536841328,948aabce-7298-4bba-aa58-8efe1942422d
2019-10-01 02:31:33 UTC,view,28709192,2053013565824041955,apparel.shoes.sandals,rieker,33.21,550284046,d746fa12-0eb9-4c35-9876-375d70a98102
2019-10-01 02:31:33 UTC,view,28718035,2053013565069067197,apparel.shoes.keds,millionaire,113.0,536074778,dc73e1e2-04a1-48b9-b88d-18142136aaf2
2019-10-01 02:31:40 UTC,view,28719037,2053013565639492569,apparel.shoes,baden,89.84,553469929,1d5dccfb-b689-4c79-91af-8b462185c09c
2019-10-01 02:31:42 UTC,view,28704245,2053013565069067197,apparel.shoes.keds,adidas,122.53,515423039,4a2d473c-506c-44a1-8547-365a71d1e238
2019-10-01 02:31:46 UTC,view,28718457,2053013565069067197,apparel.shoes.keds,strobbs,84.69,522140958,0953edf5-eb67-4664-aba2-abeffa28deb5
2019-10-01 02:31:46 UTC,view,28706322,2053013565069067197,apparel.shoes.keds,escan,25.74,520284645,0abdcf04-0667-4c28-8f4c-ce9f83fe7203
2019-10-01 02:31:46 UTC,view,43300016,2097815753423061045,apparel.tshirt,,41.16,519279176,6fbf96bb-8317-46b9-8c5e-43a1ca389188
2019-10-01 02:31:57 UTC,view,28703606,2053013565069067197,apparel.shoes.keds,reebok,118.15,536074778,dc73e1e2-04a1-48b9-b88d-18142136aaf2
2019-10-01 02:31:59 UTC,view,28716187,2053013565480109009,apparel.shoes.keds,respect,66.67,528301825,14121ce4-d31e-436f-8bc0-e66a55018380
2019-10-01 02:32:06 UTC,view,28716499,2053013565782098913,apparel.shoes,respect,154.19,513350628,fe775288-fcf7-4166-9d3a-070019fe78d8
2019-10-01 02:32:07 UTC,view,28717035,2053013565069067197,apparel.shoes.keds,strobbs,51.22,519642097,c4bb1a67-0692-455e-a063-953f905f42f9
2019-10-01 02:32:19 UTC,view,28718086,2053013565069067197,apparel.shoes.keds,respect,51.22,522140958,0953edf5-eb67-4664-aba2-abeffa28deb5
2019-10-01 02:32:19 UTC,view,28716570,2053013565480109009,apparel.shoes.keds,,66.67,544261159,f62ba354-ba29-48cf-85cf-72626c6b1c8c
2019-10-01 02:32:21 UTC,view,28719472,2053013565480109009,apparel.shoes.keds,fassen,64.09,514569638,5be307a8-7ee1-4513-a3cc-948ae5d3d8ba
2019-10-01 02:32:21 UTC,view,28705246,2053013565824041955,apparel.shoes.sandals,rieker,35.78,550284046,d746fa12-0eb9-4c35-9876-375d70a98102
2019-10-01 02:32:30 UTC,view,28716499,2053013565782098913,apparel.shoes,respect,154.19,513350628,fe775288-fcf7-4166-9d3a-070019fe78d8
2019-10-01 02:32:31 UTC,view,28717202,2053013565069067197,apparel.shoes.keds,,84.69,512925259,087f0d82-6e8b-4be1-b6dd-8eb9ed350039
2019-10-01 02:32:42 UTC,view,39700055,2084962304016777941,apparel.costume,,136.43,521245875,550e3f91-3053-4fb0-ae1f-20a712d67255
2019-10-01 02:32:43 UTC,view,28714591,2053013565069067197,apparel.shoes.keds,adidas,75.16,512925259,087f0d82-6e8b-4be1-b6dd-8eb9ed350039
2019-10-01 02:32:45 UTC,view,45700024,2109094161893294334,apparel.costume,,38.61,549381695,af741c6b-c525-499f-b016-851a770c8a95
2019-10-01 02:32:48 UTC,view,28711609,2053013565824041955,apparel.shoes.sandals,salamander,37.58,550284046,d746fa12-0eb9-4c35-9876-375d70a98102
2019-10-01 02:32:54 UTC,view,28716570,2053013565480109009,apparel.shoes.keds,,66.67,544261159,f62ba354-ba29-48cf-85cf-72626c6b1c8c
2019-10-01 02:32:55 UTC,view,28715827,2116907519078040377,apparel.shoes,,89.84,547469497,ad4beff7-d2e4-4218-a670-b5c72126eb7f
2019-10-01 02:32:58 UTC,view,39700051,2084962304016777941,apparel.costume,,136.43,521245875,550e3f91-3053-4fb0-ae1f-20a712d67255
2019-10-01 02:33:01 UTC,view,28716423,2053013565782098913,apparel.shoes,respect,123.3,513350628,fe775288-fcf7-4166-9d3a-070019fe78d8
2019-10-01 02:33:09 UTC,view,28715628,2053013565069067197,apparel.shoes.keds,peak,97.79,555463467,1996912f-31ab-438e-a191-65852e902d59
2019-10-01 02:33:09 UTC,view,28713655,2053013565069067197,apparel.shoes.keds,catunltd,64.87,520284645,0abdcf04-0667-4c28-8f4c-ce9f83fe7203
2019-10-01 02:33:10 UTC,view,28716572,2053013565480109009,apparel.shoes.keds,,66.67,544261159,f62ba354-ba29-48cf-85cf-72626c6b1c8c
2019-10-01 02:33:18 UTC,view,28719161,2116907519078040377,apparel.shoes,salamander,127.93,512892736,a8202bd8-84da-4633-892d-433fd2a40d64
2019-10-01 02:33:26 UTC,view,39700051,2084962304016777941,apparel.costume,,136.43,521245875,550e3f91-3053-4fb0-ae1f-20a712d67255
2019-10-01 02:33:31 UTC,view,39700055,2084962304016777941,apparel.costume,,136.43,521245875,550e3f91-3053-4fb0-ae1f-20a712d67255
2019-10-01 02:33:35 UTC,view,28705882,2053013565824041955,apparel.shoes.sandals,rieker,33.21,550284046,d746fa12-0eb9-4c35-9876-375d70a98102
2019-10-01 02:33:35 UTC,view,45600225,2116907524572577889,apparel.shoes,shagovita,43.75,541776351,6333683d-2542-41df-a4a9-c2480725068d
2019-10-01 02:33:39 UTC,view,28716572,2053013565480109009,apparel.shoes.keds,,66.67,544261159,f62ba354-ba29-48cf-85cf-72626c6b1c8c
2019-10-01 02:33:46 UTC,view,28718150,2053013565782098913,apparel.shoes,baden,84.69,513350628,fe775288-fcf7-4166-9d3a-070019fe78d8
2019-10-01 02:33:49 UTC,view,45600267,2116907524379639897,apparel.shoes,shagovita,51.47,547423312,c47723d1-4832-451c-92d5-66524c1b7f14
2019-10-01 02:33:57 UTC,view,39800121,2086471240842740173,apparel.shirt,dion,29.6,521245875,550e3f91-3053-4fb0-ae1f-20a712d67255
2019-10-01 02:34:03 UTC,view,45700024,2109094161893294334,apparel.costume,,38.61,549381695,af741c6b-c525-499f-b016-851a770c8a95
2019-10-01 02:34:09 UTC,view,28712567,2053013565782098913,apparel.shoes,respect,128.45,513350628,fe775288-fcf7-4166-9d3a-070019fe78d8
2019-10-01 02:34:14 UTC,view,45700024,2109094161893294334,apparel.costume,,38.61,549381695,af741c6b-c525-499f-b016-851a770c8a95
2019-10-01 02:34:15 UTC,view,28714601,2053013565069067197,apparel.shoes.keds,,59.18,514204189,b1325137-ff00-4905-a5fa-059d81fbf6e2
2019-10-01 02:34:19 UTC,view,28715772,2116907519078040377,apparel.shoes,nexpero,97.56,547469497,ad4beff7-d2e4-4218-a670-b5c72126eb7f
2019-10-01 02:34:20 UTC,view,28719189,2116907519078040377,apparel.shoes,,107.34,515478960,16f9b619-2fb7-4bf4-a7f2-ef7b4611c904
2019-10-01 02:34:20 UTC,view,28711601,2053013565824041955,apparel.shoes.sandals,salamander,45.05,550284046,d746fa12-0eb9-4c35-9876-375d70a98102
2019-10-01 02:34:25 UTC,view,28704388,2053013565069067197,apparel.shoes.keds,asics,51.48,526904484,ac85be0f-8d91-46f8-8a71-87aed762cfb9
2019-10-01 02:34:31 UTC,view,39700031,2084962304016777941,apparel.costume,,136.43,515439708,2557b33d-ae61-4ccf-b69d-c968624f0537
2019-10-01 02:34:33 UTC,view,45700025,2109094161893294334,apparel.costume,,38.61,549381695,af741c6b-c525-499f-b016-851a770c8a95
2019-10-01 02:34:36 UTC,view,28717050,2053013565480109009,apparel.shoes.keds,strobbs,51.22,518721540,4c31f5e9-617b-401e-a4b4-0e265783abdd
2019-10-01 02:34:38 UTC,view,45700024,2109094161893294334,apparel.costume,,38.61,549381695,af741c6b-c525-499f-b016-851a770c8a95
2019-10-01 02:34:39 UTC,view,28715121,2053013565480109009,apparel.shoes.keds,baden,51.22,539464221,4ddb479f-559d-47fe-89ee-2ccb4f08831c
2019-10-01 02:34:43 UTC,view,28717050,2053013565480109009,apparel.shoes.keds,strobbs,51.22,518721540,4c31f5e9-617b-401e-a4b4-0e265783abdd
2019-10-01 02:34:46 UTC,view,28716983,2053013565069067197,apparel.shoes.keds,respect,102.71,512598759,3f312e76-4798-4431-b0e4-a20c66f873cc
2019-10-01 02:35:02 UTC,view,39700037,2084962304016777941,apparel.costume,,136.43,549381695,af741c6b-c525-499f-b016-851a770c8a95
2019-10-01 02:35:02 UTC,view,28718883,2053013565782098913,apparel.shoes,respect,123.3,513350628,fe775288-fcf7-4166-9d3a-070019fe78d8
2019-10-01 02:35:02 UTC,view,28703635,2053013565069067197,apparel.shoes.keds,nike,115.58,526904484,ac85be0f-8d91-46f8-8a71-87aed762cfb9
2019-10-01 02:35:02 UTC,view,28711582,2053013565824041955,apparel.shoes.sandals,,30.63,550284046,d746fa12-0eb9-4c35-9876-375d70a98102
2019-10-01 02:35:03 UTC,view,28719172,2116907519078040377,apparel.shoes,salamander,127.42,547469497,ad4beff7-d2e4-4218-a670-b5c72126eb7f
2019-10-01 02:35:08 UTC,view,28717071,2053013565069067197,apparel.shoes.keds,puma,100.13,512598759,3f312e76-4798-4431-b0e4-a20c66f873cc
2019-10-01 02:35:24 UTC,view,28704230,2053013565069067197,apparel.shoes.keds,,195.37,512598759,3f312e76-4798-4431-b0e4-a20c66f873cc
2019-10-01 02:35:28 UTC,view,28719144,2053013565782098913,apparel.shoes,,136.17,547423312,c47723d1-4832-451c-92d5-66524c1b7f14
2019-10-01 02:35:36 UTC,view,28704230,2053013565069067197,apparel.shoes.keds,,195.37,512598759,3f312e76-4798-4431-b0e4-a20c66f873cc
2019-10-01 02:35:51 UTC,view,28717071,2053013565069067197,apparel.shoes.keds,puma,100.13,512598759,3f312e76-4798-4431-b0e4-a20c66f873cc
2019-10-01 02:35:57 UTC,view,28719189,2116907519078040377,apparel.shoes,,107.34,515478960,16f9b619-2fb7-4bf4-a7f2-ef7b4611c904
2019-10-01 02:36:02 UTC,view,28704391,2053013565069067197,apparel.shoes.keds,asics,51.48,549853181,ebf619c2-3b38-4870-b5d1-7a163174a1f6
2019-10-01 02:36:03 UTC,view,29600030,2069241407767315312,apparel.scarf,fabretti,17.76,514601256,017f92c8-6281-4d19-a534-9432fb065124
2019-10-01 02:36:10 UTC,view,28716725,2053013565480109009,apparel.shoes.keds,,51.22,539464221,4ddb479f-559d-47fe-89ee-2ccb4f08831c
2019-10-01 02:36:10 UTC,view,28719177,2116907519078040377,apparel.shoes,salamander,127.42,547469497,ad4beff7-d2e4-4218-a670-b5c72126eb7f
2019-10-01 02:36:13 UTC,view,28711575,2053013565824041955,apparel.shoes.sandals,suave,43.24,550284046,d746fa12-0eb9-4c35-9876-375d70a98102
2019-10-01 02:36:20 UTC,view,28704388,2053013565069067197,apparel.shoes.keds,asics,51.48,549853181,ebf619c2-3b38-4870-b5d1-7a163174a1f6
2019-10-01 02:36:20 UTC,view,28718143,2053013565782098913,apparel.shoes,fassen,51.22,512598759,3f312e76-4798-4431-b0e4-a20c66f873cc
2019-10-01 02:36:25 UTC,view,28717170,2053013565639492569,apparel.shoes,respect,120.72,542792764,af1aee89-b82a-4330-a69c-88cdba66d69a
2019-10-01 02:36:26 UTC,view,28715757,2053013565069067197,apparel.shoes.keds,nexpero,107.85,523596085,edddf185-c754-4ad8-b688-bb7bc5c3abbf
2019-10-01 02:36:32 UTC,view,28718143,2053013565782098913,apparel.shoes,fassen,51.22,512598759,3f312e76-4798-4431-b0e4-a20c66f873cc
2019-10-01 02:36:34 UTC,view,28718924,2053013565069067197,apparel.shoes.keds,nexpero,113.0,512925259,087f0d82-6e8b-4be1-b6dd-8eb9ed350039
2019-10-01 02:36:34 UTC,view,28714707,2053013565480109009,apparel.shoes.keds,asics,72.05,539464221,4ddb479f-559d-47fe-89ee-2ccb4f08831c
2019-10-01 02:36:37 UTC,view,28715802,2116907519078040377,apparel.shoes,,128.45,527237948,620b13ba-7567-457d-aa0a-0927656fb036
2019-10-01 02:36:39 UTC,view,28719171,2116907519078040377,apparel.shoes,salamander,137.71,515478960,16f9b619-2fb7-4bf4-a7f2-ef7b4611c904
2019-10-01 02:36:40 UTC,view,28712282,2053013565639492569,apparel.shoes,baden,53.28,542792764,af1aee89-b82a-4330-a69c-88cdba66d69a
2019-10-01 02:36:43 UTC,view,28715008,2053013565824041955,apparel.shoes.sandals,rieker,34.49,550284046,d746fa12-0eb9-4c35-9876-375d70a98102
2019-10-01 02:36:45 UTC,view,43300042,2097815753423061045,apparel.tshirt,puma,33.21,513194193,4bd689a1-d939-4059-8c99-ac54d158dd74
2019-10-01 02:36:46 UTC,view,28718085,2053013565069067197,apparel.shoes.keds,respect,51.22,512925259,087f0d82-6e8b-4be1-b6dd-8eb9ed350039
2019-10-01 02:36:48 UTC,view,28716474,2053013565782098913,apparel.shoes,respect,128.45,512598759,3f312e76-4798-4431-b0e4-a20c66f873cc
2019-10-01 02:36:50 UTC,view,28714424,2053013565069067197,apparel.shoes.keds,asics,72.05,539464221,4ddb479f-559d-47fe-89ee-2ccb4f08831c
2019-10-01 02:36:53 UTC,view,28714707,2053013565480109009,apparel.shoes.keds,asics,72.05,539464221,4ddb479f-559d-47fe-89ee-2ccb4f08831c
2019-10-01 02:37:00 UTC,view,28710426,2053013565480109009,apparel.shoes.keds,,31.92,539464221,4ddb479f-559d-47fe-89ee-2ccb4f08831c
2019-10-01 02:37:08 UTC,view,28717817,2053013565069067197,apparel.shoes.keds,nike,102.71,512925259,087f0d82-6e8b-4be1-b6dd-8eb9ed350039
2019-10-01 02:37:15 UTC,view,28717108,2053013565127787455,apparel.shoes,respect,89.84,547469497,ad4beff7-d2e4-4218-a670-b5c72126eb7f
2019-10-01 02:37:18 UTC,view,45600168,2113934850560885372,apparel.shoes.keds,nike,59.18,539620652,2b8f3a28-5ca3-4038-a48f-021db1c8d1dc
2019-10-01 02:37:18 UTC,view,28715760,2053013565069067197,apparel.shoes.keds,nexpero,107.85,523596085,edddf185-c754-4ad8-b688-bb7bc5c3abbf
2019-10-01 02:37:26 UTC,view,28714707,2053013565480109009,apparel.shoes.keds,asics,72.05,539464221,4ddb479f-559d-47fe-89ee-2ccb4f08831c
2019-10-01 02:37:30 UTC,view,45600194,2116907524572577889,apparel.shoes,shagovita,59.19,539620652,2b8f3a28-5ca3-4038-a48f-021db1c8d1dc
2019-10-01 02:37:30 UTC,view,28717383,2053013565480109009,apparel.shoes.keds,,51.22,542110608,cde01b4d-398e-40bf-b240-a7d3e7ec953e
2019-10-01 02:37:31 UTC,view,28716725,2053013565480109009,apparel.shoes.keds,,51.22,537411723,085aa864-10f4-43c4-90d6-6f7420300a85
2019-10-01 02:37:31 UTC,view,28705246,2053013565824041955,apparel.shoes.sandals,rieker,35.78,550284046,d746fa12-0eb9-4c35-9876-375d70a98102
2019-10-01 02:37:41 UTC,view,45600194,2116907524572577889,apparel.shoes,shagovita,59.19,539620652,2b8f3a28-5ca3-4038-a48f-021db1c8d1dc
2019-10-01 02:37:43 UTC,view,28715759,2053013565069067197,apparel.shoes.keds,nexpero,107.85,523596085,edddf185-c754-4ad8-b688-bb7bc5c3abbf
2019-10-01 02:37:45 UTC,view,28718795,2053013565782098913,apparel.shoes,rieker,115.58,513350628,fe775288-fcf7-4166-9d3a-070019fe78d8
2019-10-01 02:37:46 UTC,view,28714707,2053013565480109009,apparel.shoes.keds,asics,72.05,539464221,4ddb479f-559d-47fe-89ee-2ccb4f08831c
2019-10-01 02:37:50 UTC,view,28717842,2053013565069067197,apparel.shoes.keds,adidas,128.45,535118320,d5c0e9dc-6031-4aa2-a1a2-da60225048ce
2019-10-01 02:37:51 UTC,view,45600224,2116907524572577889,apparel.shoes,shagovita,43.75,539620652,2b8f3a28-5ca3-4038-a48f-021db1c8d1dc
2019-10-01 02:37:52 UTC,view,28716565,2053013565480109009,apparel.shoes.keds,,66.67,537411723,085aa864-10f4-43c4-90d6-6f7420300a85
2019-10-01 02:37:59 UTC,view,28714707,2053013565480109009,apparel.shoes.keds,asics,72.05,539464221,4ddb479f-559d-47fe-89ee-2ccb4f08831c
2019-10-01 02:38:04 UTC,view,28717145,2053013565480109009,apparel.shoes.keds,fassen,64.09,537411723,085aa864-10f4-43c4-90d6-6f7420300a85
2019-10-01 02:38:16 UTC,view,45600943,2113934850560885372,apparel.shoes.keds,crosby,30.86,539620652,2b8f3a28-5ca3-4038-a48f-021db1c8d1dc
2019-10-01 02:38:17 UTC,view,28719055,2053013565782098913,apparel.shoes,baden,102.71,513350628,fe775288-fcf7-4166-9d3a-070019fe78d8
2019-10-01 02:38:28 UTC,view,28717690,2053013565069067197,apparel.shoes.keds,greyder,144.15,523596085,edddf185-c754-4ad8-b688-bb7bc5c3abbf
2019-10-01 02:38:28 UTC,view,28716577,2053013565480109009,apparel.shoes.keds,,66.67,537411723,085aa864-10f4-43c4-90d6-6f7420300a85
2019-10-01 02:38:35 UTC,view,28719171,2116907519078040377,apparel.shoes,salamander,137.71,515478960,16f9b619-2fb7-4bf4-a7f2-ef7b4611c904
2019-10-01 02:38:41 UTC,view,28710408,2053013565824041955,apparel.shoes.sandals,rieker,35.78,550284046,d746fa12-0eb9-4c35-9876-375d70a98102
2019-10-01 02:38:51 UTC,view,28716570,2053013565480109009,apparel.shoes.keds,,66.67,537411723,085aa864-10f4-43c4-90d6-6f7420300a85
2019-10-01 02:38:53 UTC,view,28719500,2053013565782098913,apparel.shoes,respect,118.15,513350628,fe775288-fcf7-4166-9d3a-070019fe78d8
2019-10-01 02:38:53 UTC,view,28717477,2053013565069067197,apparel.shoes.keds,escan,69.24,523596085,edddf185-c754-4ad8-b688-bb7bc5c3abbf
2019-10-01 02:38:55 UTC,view,28704388,2053013565069067197,apparel.shoes.keds,asics,51.48,539620652,2b8f3a28-5ca3-4038-a48f-021db1c8d1dc
2019-10-01 02:38:56 UTC,view,28704546,2053013565127787455,apparel.shoes,etor,100.39,547469497,ad4beff7-d2e4-4218-a670-b5c72126eb7f
2019-10-01 02:38:59 UTC,view,28703684,2053013565069067197,apparel.shoes.keds,,257.15,512945779,888b712c-0043-40c5-baa5-a1343f9c7274
2019-10-01 02:39:00 UTC,view,28706660,2053013565505274835,apparel.shoes.espadrilles,rieker,22.65,531390368,4e1bba31-e8d0-4ae3-9e22-4828cd469e8d
2019-10-01 02:39:02 UTC,view,28705540,2053013565329114057,apparel.shoes.slipons,nexpero,28.06,514601256,56e3e012-c494-4fef-b740-531301d95fce
2019-10-01 02:39:08 UTC,view,28719500,2053013565782098913,apparel.shoes,respect,118.15,513350628,fe775288-fcf7-4166-9d3a-070019fe78d8
2019-10-01 02:39:09 UTC,view,28704348,2053013565069067197,apparel.shoes.keds,,228.83,523596085,edddf185-c754-4ad8-b688-bb7bc5c3abbf
2019-10-01 02:39:15 UTC,view,28703626,2053013565069067197,apparel.shoes.keds,,257.15,512945779,888b712c-0043-40c5-baa5-a1343f9c7274
2019-10-01 02:39:19 UTC,view,28710051,2053013565824041955,apparel.shoes.sandals,rieker,31.92,550284046,d746fa12-0eb9-4c35-9876-375d70a98102
2019-10-01 02:39:25 UTC,view,28712684,2053013565228450757,apparel.shoes,marcomen,100.65,513641937,b42e3d78-5cc8-4a07-ada8-1a0aaea1440c
2019-10-01 02:39:26 UTC,view,28719534,2053013565782098913,apparel.shoes,rieker,102.71,513350628,fe775288-fcf7-4166-9d3a-070019fe78d8
2019-10-01 02:39:27 UTC,view,28715761,2053013565069067197,apparel.shoes.keds,nexpero,107.85,523596085,edddf185-c754-4ad8-b688-bb7bc5c3abbf
2019-10-01 02:39:28 UTC,view,28712684,2053013565228450757,apparel.shoes,marcomen,100.65,514601256,56e3e012-c494-4fef-b740-531301d95fce
2019-10-01 02:39:28 UTC,view,28719189,2116907519078040377,apparel.shoes,,107.34,544029004,4dcd2447-8f3f-4acf-8642-0afbbb3dc5cb
2019-10-01 02:39:31 UTC,view,28717383,2053013565480109009,apparel.shoes.keds,,51.22,531390368,4e1bba31-e8d0-4ae3-9e22-4828cd469e8d
2019-10-01 02:39:33 UTC,view,28712685,2053013565228450757,apparel.shoes,marcomen,100.65,513641937,b42e3d78-5cc8-4a07-ada8-1a0aaea1440c
2019-10-01 02:39:35 UTC,view,28718532,2053013565127787455,apparel.shoes,etor,108.11,547469497,ad4beff7-d2e4-4218-a670-b5c72126eb7f
2019-10-01 02:39:47 UTC,view,28711567,2053013565824041955,apparel.shoes.sandals,ara,62.55,550284046,d746fa12-0eb9-4c35-9876-375d70a98102
2019-10-01 02:39:48 UTC,view,28714142,2053013565362668491,apparel.shoes.keds,greyder,66.93,514601256,56e3e012-c494-4fef-b740-531301d95fce
2019-10-01 02:39:51 UTC,view,28715830,2116907519078040377,apparel.shoes,,89.84,515478960,16f9b619-2fb7-4bf4-a7f2-ef7b4611c904
2019-10-01 02:39:53 UTC,view,28716567,2053013565480109009,apparel.shoes.keds,,66.67,519056791,424c948e-3d59-4265-806b-a7bb0f1dd49c
2019-10-01 02:39:57 UTC,view,28714604,2053013565069067197,apparel.shoes.keds,adidas,73.73,512945779,888b712c-0043-40c5-baa5-a1343f9c7274
2019-10-01 02:40:03 UTC,view,28706566,2053013565228450757,apparel.shoes,burgerschuhe,44.79,513641937,b42e3d78-5cc8-4a07-ada8-1a0aaea1440c
2019-10-01 02:40:08 UTC,view,28714592,2053013565069067197,apparel.shoes.keds,adidas,74.65,512945779,888b712c-0043-40c5-baa5-a1343f9c7274
2019-10-01 02:40:11 UTC,view,28719158,2116907519078040377,apparel.shoes,salamander,127.42,515987767,2a753ae8-ce6a-458e-beea-6c038c6033d8
2019-10-01 02:40:12 UTC,view,28719171,2116907519078040377,apparel.shoes,salamander,137.71,515478960,16f9b619-2fb7-4bf4-a7f2-ef7b4611c904
2019-10-01 02:40:13 UTC,view,28719161,2116907519078040377,apparel.shoes,salamander,127.93,536328930,b3457bd0-6fa9-4371-804c-f0e4759b1ca8
2019-10-01 02:40:18 UTC,view,28710130,2053013565824041955,apparel.shoes.sandals,rieker,28.83,550284046,d746fa12-0eb9-4c35-9876-375d70a98102
2019-10-01 02:40:18 UTC,view,28716006,2053013565069067197,apparel.shoes.keds,jordan,154.19,539620652,2b8f3a28-5ca3-4038-a48f-021db1c8d1dc
2019-10-01 02:40:20 UTC,view,28703801,2053013565069067197,apparel.shoes.keds,nike,61.57,512545369,18797330-170b-486f-b6b3-47931e211832
2019-10-01 02:40:21 UTC,view,28719661,2053013565782098913,apparel.shoes,respect,118.15,513350628,fe775288-fcf7-4166-9d3a-070019fe78d8
2019-10-01 02:40:21 UTC,view,28719175,2116907519078040377,apparel.shoes,salamander,127.42,544029004,4dcd2447-8f3f-4acf-8642-0afbbb3dc5cb
2019-10-01 02:40:23 UTC,view,28716595,2053013565782098913,apparel.shoes,baden,76.96,555465003,3bf0ba4d-0393-4e70-bbb6-3889ae4310ec
2019-10-01 02:40:28 UTC,view,28719661,2053013565782098913,apparel.shoes,respect,118.15,513350628,fe775288-fcf7-4166-9d3a-070019fe78d8
2019-10-01 02:40:28 UTC,view,28714755,2053013565228450757,apparel.shoes,respect,51.22,547469497,ad4beff7-d2e4-4218-a670-b5c72126eb7f
2019-10-01 02:40:30 UTC,view,28716165,2053013565480109009,apparel.shoes.keds,,66.67,519056791,424c948e-3d59-4265-806b-a7bb0f1dd49c
2019-10-01 02:40:32 UTC,view,28716563,2053013565480109009,apparel.shoes.keds,,66.67,512545369,18797330-170b-486f-b6b3-47931e211832
2019-10-01 02:40:37 UTC,view,28717030,2053013565069067197,apparel.shoes.keds,strobbs,51.22,539620652,2b8f3a28-5ca3-4038-a48f-021db1c8d1dc
2019-10-01 02:40:39 UTC,view,28705258,2053013565127787455,apparel.shoes,respect,23.94,513641937,b42e3d78-5cc8-4a07-ada8-1a0aaea1440c
2019-10-01 02:40:41 UTC,view,28705635,2053013565824041955,apparel.shoes.sandals,rieker,35.78,550284046,d746fa12-0eb9-4c35-9876-375d70a98102
2019-10-01 02:40:43 UTC,view,28714595,2053013565069067197,apparel.shoes.keds,reebok,76.4,512545369,18797330-170b-486f-b6b3-47931e211832
2019-10-01 02:40:47 UTC,view,28719169,2116907519078040377,apparel.shoes,salamander,137.71,544029004,4dcd2447-8f3f-4acf-8642-0afbbb3dc5cb
2019-10-01 02:40:57 UTC,view,28704549,2053013565127787455,apparel.shoes,etor,100.39,513641937,b42e3d78-5cc8-4a07-ada8-1a0aaea1440c
2019-10-01 02:40:58 UTC,view,28715707,2053013565069067197,apparel.shoes.keds,puma,94.98,539620652,2b8f3a28-5ca3-4038-a48f-021db1c8d1dc
2019-10-01 02:41:02 UTC,view,28717851,2053013565639492569,apparel.shoes,,167.83,512706266,97b9da13-5a46-4333-b95a-2524667dc140
2019-10-01 02:41:05 UTC,view,28714651,2053013565480109009,apparel.shoes.keds,vans,78.23,519056791,424c948e-3d59-4265-806b-a7bb0f1dd49c
2019-10-01 02:41:09 UTC,view,28716214,2053013565069067197,apparel.shoes.keds,respect,66.67,512545369,18797330-170b-486f-b6b3-47931e211832
2019-10-01 02:41:15 UTC,view,28718556,2053013565253616583,apparel.shoes.moccasins,etor,92.67,555273905,24624e22-2828-474a-a724-4cd44a4a35ca
2019-10-01 02:41:16 UTC,view,28712682,2053013565228450757,apparel.shoes,marcomen,100.65,547469497,ad4beff7-d2e4-4218-a670-b5c72126eb7f
2019-10-01 02:41:17 UTC,view,28715611,2053013565069067197,apparel.shoes.keds,fila,75.91,555465205,06a765a5-2605-4e4e-8dd2-743ab33e03d0
2019-10-01 02:41:19 UTC,view,28714221,2053013565253616583,apparel.shoes.moccasins,etor,92.67,555273905,24624e22-2828-474a-a724-4cd44a4a35ca
2019-10-01 02:41:23 UTC,view,28708833,2053013565480109009,apparel.shoes.keds,escan,30.63,516206220,2790a776-be0e-4c49-8406-8ae0e1335de8
2019-10-01 02:41:29 UTC,view,28704393,2053013565069067197,apparel.shoes.keds,adidas,102.71,539620652,2b8f3a28-5ca3-4038-a48f-021db1c8d1dc
2019-10-01 02:41:30 UTC,view,28712327,2053013565639492569,apparel.shoes,baden,86.23,512437914,8bd302c0-d980-4578-979e-49907a0e1f7e
2019-10-01 02:41:33 UTC,view,28715673,2053013565228450757,apparel.shoes,greyder,110.68,551862908,286e1014-3438-4049-a8ec-dbdd1f37cc24
2019-10-01 02:41:34 UTC,view,28715767,2116907519078040377,apparel.shoes,nexpero,97.56,555465140,e63a0537-bcdc-447f-8dff-0d31a72fda8d
2019-10-01 02:41:35 UTC,view,28704592,2053013565127787455,apparel.shoes,etor,90.09,513641937,b42e3d78-5cc8-4a07-ada8-1a0aaea1440c
2019-10-01 02:41:35 UTC,view,28715611,2053013565069067197,apparel.shoes.keds,fila,75.91,555465205,06a765a5-2605-4e4e-8dd2-743ab33e03d0
2019-10-01 02:41:35 UTC,view,48200025,2146660887002349890,apparel.dress,mltl,30.86,555465345,026f9fa0-a89e-45e7-9d3b-2e80231a7833
2019-10-01 02:41:36 UTC,view,28708392,2053013565069067197,apparel.shoes.keds,strobbs,31.92,513889100,264085b3-3190-4832-93dc-daade06c6c48
2019-10-01 02:41:43 UTC,view,28711589,2053013565824041955,apparel.shoes.sandals,tuffoni,55.34,550284046,d746fa12-0eb9-4c35-9876-375d70a98102
2019-10-01 02:41:47 UTC,view,28713395,2053013565228450757,apparel.shoes,marcomen,100.65,542089552,d29bd46b-027c-4dc3-a5c3-c823754d99d9
2019-10-01 02:41:50 UTC,view,28718229,2053013565480109009,apparel.shoes.keds,tamaris,76.96,519056791,424c948e-3d59-4265-806b-a7bb0f1dd49c
2019-10-01 02:41:53 UTC,view,28717977,2053013565639492569,apparel.shoes,rieker,71.82,512706266,97b9da13-5a46-4333-b95a-2524667dc140
2019-10-01 02:41:57 UTC,view,48200272,2146660887002349890,apparel.dress,mltl,30.86,555465345,026f9fa0-a89e-45e7-9d3b-2e80231a7833
2019-10-01 02:41:58 UTC,view,28715845,2053013565127787455,apparel.shoes,rooman,51.22,513641937,b42e3d78-5cc8-4a07-ada8-1a0aaea1440c
2019-10-01 02:41:59 UTC,view,28718025,2053013565480109009,apparel.shoes.keds,respect,76.96,516596162,6f19a364-8ee9-4892-acde-fd4b9dc8ef3b
2019-10-01 02:42:00 UTC,view,28713395,2053013565228450757,apparel.shoes,marcomen,100.65,542089552,d29bd46b-027c-4dc3-a5c3-c823754d99d9
2019-10-01 02:42:04 UTC,view,28715963,2053013565127787455,apparel.shoes,etor,100.39,513641937,b42e3d78-5cc8-4a07-ada8-1a0aaea1440c
2019-10-01 02:42:04 UTC,view,28715738,2053013565228450757,apparel.shoes,rieker,110.43,547469497,ad4beff7-d2e4-4218-a670-b5c72126eb7f
2019-10-01 02:42:07 UTC,view,28717631,2053013565748544479,apparel.shoes,alpina,109.4,512437914,8bd302c0-d980-4578-979e-49907a0e1f7e
2019-10-01 02:42:09 UTC,view,28717982,2053013565639492569,apparel.shoes,rieker,71.82,512706266,97b9da13-5a46-4333-b95a-2524667dc140
2019-10-01 02:42:11 UTC,view,28704388,2053013565069067197,apparel.shoes.keds,asics,51.48,544029004,4dcd2447-8f3f-4acf-8642-0afbbb3dc5cb
2019-10-01 02:42:17 UTC,view,28715975,2053013565069067197,apparel.shoes.keds,adidas,111.84,555273905,24624e22-2828-474a-a724-4cd44a4a35ca
2019-10-01 02:42:22 UTC,view,28706833,2053013565127787455,apparel.shoes,rieker,42.21,513641937,b42e3d78-5cc8-4a07-ada8-1a0aaea1440c
2019-10-01 02:42:23 UTC,view,28704169,2053013565069067197,apparel.shoes.keds,nike,73.52,555465229,d0635f50-66a8-4d18-9ad0-56e7cbb64990
2019-10-01 02:42:23 UTC,view,28713395,2053013565228450757,apparel.shoes,marcomen,100.65,542089552,d29bd46b-027c-4dc3-a5c3-c823754d99d9
2019-10-01 02:42:26 UTC,view,28716931,2053013565639492569,apparel.shoes,,29.34,537411723,085aa864-10f4-43c4-90d6-6f7420300a85
2019-10-01 02:42:27 UTC,view,28714616,2053013565480109009,apparel.shoes.keds,adidas,74.65,522102640,8ac3926d-db74-4e10-9215-7a72055c7806
2019-10-01 02:42:28 UTC,view,28713629,2053013565748544479,apparel.shoes,destra,37.58,512437914,8bd302c0-d980-4578-979e-49907a0e1f7e
2019-10-01 02:42:30 UTC,view,28711976,2053013565228450757,apparel.shoes,rieker,50.19,542089552,d29bd46b-027c-4dc3-a5c3-c823754d99d9
2019-10-01 02:42:31 UTC,view,28705249,2053013565824041955,apparel.shoes.sandals,rieker,35.78,550284046,d746fa12-0eb9-4c35-9876-375d70a98102
2019-10-01 02:42:31 UTC,view,28717070,2053013565069067197,apparel.shoes.keds,puma,100.13,549376954,9308cb1d-3bac-482b-8777-c12da8486748
2019-10-01 02:42:38 UTC,view,28703635,2053013565069067197,apparel.shoes.keds,nike,115.58,555465229,d0635f50-66a8-4d18-9ad0-56e7cbb64990
2019-10-01 02:42:40 UTC,view,28717977,2053013565639492569,apparel.shoes,rieker,71.82,512706266,97b9da13-5a46-4333-b95a-2524667dc140
2019-10-01 02:42:40 UTC,view,28718544,2053013565127787455,apparel.shoes,etor,100.39,513641937,b42e3d78-5cc8-4a07-ada8-1a0aaea1440c
2019-10-01 02:42:41 UTC,view,28717070,2053013565069067197,apparel.shoes.keds,puma,100.13,549376954,9308cb1d-3bac-482b-8777-c12da8486748
2019-10-01 02:42:41 UTC,view,28714609,2053013565480109009,apparel.shoes.keds,adidas,75.16,522102640,8ac3926d-db74-4e10-9215-7a72055c7806
2019-10-01 02:42:42 UTC,view,28709009,2053013565824041955,apparel.shoes.sandals,rieker,34.49,550284046,d746fa12-0eb9-4c35-9876-375d70a98102
2019-10-01 02:42:45 UTC,view,28717713,2053013565127787455,apparel.shoes,greyder,108.11,513641937,b42e3d78-5cc8-4a07-ada8-1a0aaea1440c
2019-10-01 02:42:48 UTC,view,28717977,2053013565639492569,apparel.shoes,rieker,71.82,512706266,97b9da13-5a46-4333-b95a-2524667dc140
2019-10-01 02:42:52 UTC,view,28717977,2053013565639492569,apparel.shoes,rieker,71.82,512706266,97b9da13-5a46-4333-b95a-2524667dc140
2019-10-01 02:42:53 UTC,view,28719155,2116907519078040377,apparel.shoes,salamander,127.42,555465140,e63a0537-bcdc-447f-8dff-0d31a72fda8d
2019-10-01 02:42:53 UTC,view,28715222,2053013565639492569,apparel.shoes,fassen,61.52,537411723,085aa864-10f4-43c4-90d6-6f7420300a85
2019-10-01 02:42:53 UTC,view,28711556,2053013565748544479,apparel.shoes,,59.46,512437914,8bd302c0-d980-4578-979e-49907a0e1f7e
2019-10-01 02:42:55 UTC,view,28718848,2053013565228450757,apparel.shoes,rieker,115.58,542089552,d29bd46b-027c-4dc3-a5c3-c823754d99d9
2019-10-01 02:42:56 UTC,view,28715863,2053013565228450757,apparel.shoes,respect,76.96,547469497,ad4beff7-d2e4-4218-a670-b5c72126eb7f
2019-10-01 02:42:56 UTC,view,28714616,2053013565480109009,apparel.shoes.keds,adidas,74.65,522102640,8ac3926d-db74-4e10-9215-7a72055c7806
2019-10-01 02:42:57 UTC,view,45600092,2116907524530634847,apparel.shoes,shagovita,52.6,512421566,9c835f67-259d-485b-99ff-0da0ff3828ca
2019-10-01 02:43:07 UTC,view,28718566,2053013565127787455,apparel.shoes,etor,100.39,513641937,b42e3d78-5cc8-4a07-ada8-1a0aaea1440c
2019-10-01 02:43:14 UTC,view,28718181,2053013565748544479,apparel.shoes,salamander,66.67,512437914,8bd302c0-d980-4578-979e-49907a0e1f7e
2019-10-01 02:43:16 UTC,purchase,28719171,2116907519078040377,apparel.shoes,salamander,137.71,515478960,16f9b619-2fb7-4bf4-a7f2-ef7b4611c904
2019-10-01 02:43:23 UTC,view,28714193,2053013565127787455,apparel.shoes,greyder,87.52,513641937,b42e3d78-5cc8-4a07-ada8-1a0aaea1440c
2019-10-01 02:43:24 UTC,view,45600092,2116907524530634847,apparel.shoes,shagovita,52.6,512421566,9c835f67-259d-485b-99ff-0da0ff3828ca
2019-10-01 02:43:30 UTC,view,28712950,2053013565639492569,apparel.shoes,respect,110.94,512706266,97b9da13-5a46-4333-b95a-2524667dc140
2019-10-01 02:43:39 UTC,view,28719170,2116907519078040377,apparel.shoes,salamander,137.71,549376954,9308cb1d-3bac-482b-8777-c12da8486748
2019-10-01 02:43:41 UTC,view,28717937,2053013565782098913,apparel.shoes,cover,122.27,553156157,19385e0f-f536-4953-86be-e277836fe048
2019-10-01 02:43:45 UTC,view,28711793,2053013565824041955,apparel.shoes.sandals,indiana,50.45,550284046,d746fa12-0eb9-4c35-9876-375d70a98102
2019-10-01 02:43:51 UTC,view,28718174,2053013565748544479,apparel.shoes,salamander,66.67,512437914,8bd302c0-d980-4578-979e-49907a0e1f7e
2019-10-01 02:43:55 UTC,view,28714179,2053013565329114057,apparel.shoes.slipons,greyder,66.93,513641937,b42e3d78-5cc8-4a07-ada8-1a0aaea1440c
2019-10-01 02:44:00 UTC,view,28716457,2053013565782098913,apparel.shoes,respect,123.3,526757893,a200feb6-83b3-4674-84e0-b4cbfbe3ce31
2019-10-01 02:44:10 UTC,view,28713835,2053013565152953281,apparel.shoes.step_ins,greyder,43.76,513641937,b42e3d78-5cc8-4a07-ada8-1a0aaea1440c
2019-10-01 02:44:14 UTC,view,28715754,2116907519078040377,apparel.shoes,nexpero,110.43,549376954,9308cb1d-3bac-482b-8777-c12da8486748
2019-10-01 02:44:14 UTC,view,28718171,2053013565706601437,apparel.shoes.moccasins,salamander,66.67,537411723,085aa864-10f4-43c4-90d6-6f7420300a85
2019-10-01 02:44:15 UTC,view,28718174,2053013565748544479,apparel.shoes,salamander,66.67,512437914,8bd302c0-d980-4578-979e-49907a0e1f7e
2019-10-01 02:44:15 UTC,view,28718097,2053013565069067197,apparel.shoes.keds,respect,51.22,517823361,7eabfc2a-173f-4497-bee7-ffe3b9ab7015
2019-10-01 02:44:16 UTC,view,28713836,2053013565152953281,apparel.shoes.step_ins,greyder,43.76,513641937,b42e3d78-5cc8-4a07-ada8-1a0aaea1440c
2019-10-01 02:44:19 UTC,view,28707776,2053013565824041955,apparel.shoes.sandals,rieker,42.47,550284046,d746fa12-0eb9-4c35-9876-375d70a98102
2019-10-01 02:44:26 UTC,view,28719158,2116907519078040377,apparel.shoes,salamander,127.42,513641937,b42e3d78-5cc8-4a07-ada8-1a0aaea1440c
2019-10-01 02:44:28 UTC,view,28715828,2116907519078040377,apparel.shoes,,89.84,555465140,e63a0537-bcdc-447f-8dff-0d31a72fda8d
2019-10-01 02:44:32 UTC,view,28711654,2053013565824041955,apparel.shoes.sandals,burgerschuhe,60.49,550284046,d746fa12-0eb9-4c35-9876-375d70a98102
2019-10-01 02:44:32 UTC,view,28716582,2053013565782098913,apparel.shoes,baden,64.09,536834453,85ee194d-dd32-40cb-adf7-7e99c00cb378
2019-10-01 02:44:34 UTC,view,28719170,2116907519078040377,apparel.shoes,salamander,137.71,513641937,b42e3d78-5cc8-4a07-ada8-1a0aaea1440c
2019-10-01 02:44:35 UTC,view,28712019,2053013565228450757,apparel.shoes,salamander,93.95,547469497,ad4beff7-d2e4-4218-a670-b5c72126eb7f
2019-10-01 02:44:42 UTC,view,28705883,2053013565824041955,apparel.shoes.sandals,rieker,33.21,550284046,d746fa12-0eb9-4c35-9876-375d70a98102
2019-10-01 02:44:49 UTC,view,46400019,2110937219005940617,apparel.trousers,,16.73,517953667,7954f58c-158d-402d-9820-c502a5eea86d
2019-10-01 02:44:50 UTC,view,28717921,2053013565782098913,apparel.shoes,rieker,73.36,536834453,85ee194d-dd32-40cb-adf7-7e99c00cb378
2019-10-01 02:44:53 UTC,view,28718725,2053013565639492569,apparel.shoes,respect,128.45,530007338,b63d5512-1b6b-452b-bc80-ff351a59d66a
2019-10-01 02:44:58 UTC,view,28713632,2053013565706601437,apparel.shoes.moccasins,destra,37.58,555465511,77a11cc6-9507-4263-9381-7c787742329b
2019-10-01 02:44:59 UTC,view,28719173,2116907519078040377,apparel.shoes,salamander,127.42,513641937,b42e3d78-5cc8-4a07-ada8-1a0aaea1440c
2019-10-01 02:45:04 UTC,view,39700055,2084962304016777941,apparel.costume,,136.43,523506767,ce78ab25-567b-4b4d-a743-bc8d6ef127c1
2019-10-01 02:45:06 UTC,view,28706658,2053013565505274835,apparel.shoes.espadrilles,rieker,22.65,537411723,085aa864-10f4-43c4-90d6-6f7420300a85
2019-10-01 02:45:10 UTC,view,28719171,2116907519078040377,apparel.shoes,salamander,137.71,515478960,16f9b619-2fb7-4bf4-a7f2-ef7b4611c904
2019-10-01 02:45:14 UTC,view,28715777,2053013565228450757,apparel.shoes,nexpero,107.85,549376954,9308cb1d-3bac-482b-8777-c12da8486748
2019-10-01 02:45:17 UTC,view,28718012,2053013565782098913,apparel.shoes,respect,76.96,536834453,85ee194d-dd32-40cb-adf7-7e99c00cb378
2019-10-01 02:45:19 UTC,view,28719171,2116907519078040377,apparel.shoes,salamander,137.71,513641937,b42e3d78-5cc8-4a07-ada8-1a0aaea1440c
2019-10-01 02:45:20 UTC,view,28704388,2053013565069067197,apparel.shoes.keds,asics,51.48,534327675,115106c3-546c-475d-80d6-68db7120e120
2019-10-01 02:45:20 UTC,view,28707777,2053013565824041955,apparel.shoes.sandals,rieker,33.21,550284046,d746fa12-0eb9-4c35-9876-375d70a98102
2019-10-01 02:45:21 UTC,view,28718453,2053013565069067197,apparel.shoes.keds,strobbs,84.69,512792501,a157e6ad-950e-4a3c-a983-aad216787b68
2019-10-01 02:45:28 UTC,view,28715823,2053013565228450757,apparel.shoes,,84.69,549376954,9308cb1d-3bac-482b-8777-c12da8486748
2019-10-01 02:45:29 UTC,view,39700055,2084962304016777941,apparel.costume,,136.43,523506767,ce78ab25-567b-4b4d-a743-bc8d6ef127c1
2019-10-01 02:45:30 UTC,view,28706660,2053013565505274835,apparel.shoes.espadrilles,rieker,22.65,555465511,77a11cc6-9507-4263-9381-7c787742329b
2019-10-01 02:45:33 UTC,view,28718144,2053013565782098913,apparel.shoes,fassen,51.22,513608834,4c5f32ee-c617-4ed4-916b-b23e05c2943a
2019-10-01 02:45:39 UTC,view,28706259,2053013565824041955,apparel.shoes.sandals,respect,26.77,550284046,d746fa12-0eb9-4c35-9876-375d70a98102
2019-10-01 02:45:44 UTC,view,28706797,2053013565228450757,apparel.shoes,respect,47.36,549376954,9308cb1d-3bac-482b-8777-c12da8486748
2019-10-01 02:45:47 UTC,view,28716520,2053013565228450757,apparel.shoes,,69.24,513026468,0e2bb973-c58b-460c-b339-63b71641d498
2019-10-01 02:45:47 UTC,view,28712684,2053013565228450757,apparel.shoes,marcomen,100.65,515844893,cb7b116f-f46e-a877-8d1e-294144ace3cf
2019-10-01 02:45:49 UTC,view,28714219,2053013565253616583,apparel.shoes.moccasins,etor,100.39,555465890,fce24535-f067-44fc-96e2-bb824eab0914
2019-10-01 02:45:49 UTC,view,28715827,2116907519078040377,apparel.shoes,,89.84,555465140,e63a0537-bcdc-447f-8dff-0d31a72fda8d
2019-10-01 02:45:49 UTC,view,47600006,2110937217663763331,apparel.jacket,aivengo,50.43,517953667,7954f58c-158d-402d-9820-c502a5eea86d
2019-10-01 02:45:50 UTC,view,28719189,2116907519078040377,apparel.shoes,,107.34,515478960,16f9b619-2fb7-4bf4-a7f2-ef7b4611c904
2019-10-01 02:45:52 UTC,view,28707970,2053013565857596389,apparel.shoes.ballet_shoes,,13.9,537411723,085aa864-10f4-43c4-90d6-6f7420300a85
2019-10-01 02:45:59 UTC,view,46200064,2110187395688169553,apparel.skirt,,16.73,517953667,7954f58c-158d-402d-9820-c502a5eea86d
2019-10-01 02:46:02 UTC,view,28717930,2053013565228450757,apparel.shoes,burgerschuhe,104.25,515844893,cb7b116f-f46e-a877-8d1e-294144ace3cf
2019-10-01 02:46:05 UTC,view,28716987,2053013565228450757,apparel.shoes,respect,118.15,549376954,9308cb1d-3bac-482b-8777-c12da8486748
2019-10-01 02:46:10 UTC,view,28719242,2053013565639492569,apparel.shoes,,124.84,527643499,1f7e2521-7d59-4e08-80fa-4acd7a637e44
2019-10-01 02:46:15 UTC,view,28717383,2053013565480109009,apparel.shoes.keds,,51.22,523577396,587bbff7-83e4-4cb5-be1f-e132df3edaf7
2019-10-01 02:46:18 UTC,view,46300002,2110937218225800069,apparel.dress,sly,46.83,517953667,7954f58c-158d-402d-9820-c502a5eea86d
2019-10-01 02:46:20 UTC,view,28716245,2053013565228450757,apparel.shoes,respect,76.96,549376954,9308cb1d-3bac-482b-8777-c12da8486748
2019-10-01 02:46:20 UTC,view,28715008,2053013565824041955,apparel.shoes.sandals,rieker,34.49,550284046,d746fa12-0eb9-4c35-9876-375d70a98102
2019-10-01 02:46:21 UTC,view,28714219,2053013565253616583,apparel.shoes.moccasins,etor,100.39,555465890,fce24535-f067-44fc-96e2-bb824eab0914
2019-10-01 02:46:28 UTC,view,35100750,2070005009382114061,apparel.underwear,milavitsa,21.92,552344999,cf38d395-2268-4874-bbb9-dd2c384ccb93
2019-10-01 02:46:29 UTC,view,44300057,2100825583029060150,apparel.jeans,,55.86,522168682,4a406910-feb2-4f4c-a468-3cb3561bc5e9
2019-10-01 02:46:33 UTC,view,28712684,2053013565228450757,apparel.shoes,marcomen,100.65,515844893,cb7b116f-f46e-a877-8d1e-294144ace3cf
2019-10-01 02:46:36 UTC,view,35103206,2070005009382114061,apparel.underwear,milavitsa,31.88,552344999,cf38d395-2268-4874-bbb9-dd2c384ccb93
2019-10-01 02:46:39 UTC,view,28717183,2053013565748544479,apparel.shoes,baden,51.22,537411723,085aa864-10f4-43c4-90d6-6f7420300a85
2019-10-01 02:46:43 UTC,view,28715637,2053013565069067197,apparel.shoes.keds,adidas,133.83,512792501,a157e6ad-950e-4a3c-a983-aad216787b68
2019-10-01 02:46:55 UTC,view,39700102,2084962304016777941,apparel.costume,,136.43,540950520,93da2a19-4c38-4091-90ed-40be4b4eb1d0
2019-10-01 02:46:59 UTC,view,28719643,2053013565228450757,apparel.shoes,salamander,76.96,549376954,9308cb1d-3bac-482b-8777-c12da8486748
2019-10-01 02:47:03 UTC,view,28718083,2053013565069067197,apparel.shoes.keds,respect,51.22,555464057,3325aab5-5a01-4c4d-8046-a00c4ab68877
2019-10-01 02:47:10 UTC,view,28716694,2053013565782098913,apparel.shoes,respect,66.67,536834453,85ee194d-dd32-40cb-adf7-7e99c00cb378
2019-10-01 02:47:15 UTC,view,28713395,2053013565228450757,apparel.shoes,marcomen,100.65,549376954,9308cb1d-3bac-482b-8777-c12da8486748
2019-10-01 02:47:21 UTC,view,28717745,2053013565748544479,apparel.shoes,,95.24,553156157,19385e0f-f536-4953-86be-e277836fe048
2019-10-01 02:47:31 UTC,view,46400013,2110937219005940617,apparel.trousers,sly,39.62,517953667,7954f58c-158d-402d-9820-c502a5eea86d
2019-10-01 02:47:34 UTC,view,28717725,2053013565782098913,apparel.shoes,greyder,123.56,513608834,4c5f32ee-c617-4ed4-916b-b23e05c2943a
2019-10-01 02:47:42 UTC,view,28717874,2053013565228450757,apparel.shoes,cover,121.5,549376954,9308cb1d-3bac-482b-8777-c12da8486748
2019-10-01 02:47:43 UTC,view,28704169,2053013565069067197,apparel.shoes.keds,nike,73.52,512792501,a157e6ad-950e-4a3c-a983-aad216787b68
2019-10-01 02:47:47 UTC,view,39700076,2084962304016777941,apparel.costume,,136.43,540950520,93da2a19-4c38-4091-90ed-40be4b4eb1d0
2019-10-01 02:47:49 UTC,view,46400010,2110937219005940617,apparel.trousers,sly,39.62,517953667,7954f58c-158d-402d-9820-c502a5eea86d
2019-10-01 02:47:51 UTC,view,28718862,2053013565228450757,apparel.shoes,respect,113.0,549376954,9308cb1d-3bac-482b-8777-c12da8486748
2019-10-01 02:48:00 UTC,view,28718862,2053013565228450757,apparel.shoes,respect,113.0,549376954,9308cb1d-3bac-482b-8777-c12da8486748
2019-10-01 02:48:01 UTC,view,28715757,2053013565069067197,apparel.shoes.keds,nexpero,107.85,522637243,3100dff3-b38e-4bc8-b326-063baef0486c
2019-10-01 02:48:09 UTC,view,28715693,2053013565228450757,apparel.shoes,greyder,97.81,549376954,9308cb1d-3bac-482b-8777-c12da8486748
2019-10-01 02:48:10 UTC,view,28712208,2053013565639492569,apparel.shoes,baden,65.64,515478960,794dfe91-9f78-49bc-ac0a-c7c0841e2ad2
2019-10-01 02:48:11 UTC,view,28703625,2053013565069067197,apparel.shoes.keds,puma,51.48,515351333,43714a07-b514-4a92-931b-78df68e13487
2019-10-01 02:48:16 UTC,view,43300016,2097815753423061045,apparel.tshirt,,41.16,512414069,be834621-86c3-4801-9e0a-cc8eba4f04fc
2019-10-01 02:48:19 UTC,view,28718005,2053013565639492569,apparel.shoes,respect,133.59,514239947,079733c7-def4-42bd-a55c-3c7c5792e75a
